{
  "config": [
    [
      0.8831519428110512,
      0.8630435459386319,
      0.8262706646255779,
      0.6989324565718894
    ],
    [
      0.8969655119535006,
      0.8954169918881552,
      0.8265904545352786,
      0.7410317027730303
    ],
    [
      0.9228957918197787,
      0.8967960036657532,
      0.8359992647853889,
      0.7285255992582914
    ]
  ],
  "config2": [
    [
      0.7952766988221506,
      0.7950478230417798,
      0.7411129706992934,
      0.5694301593008145
    ],
    [
      0.8431235714064426,
      0.845667707659062,
      0.7630688158008428,
      0.6595085052361143
    ],
    [
      0.8607261345213952,
      0.8052568733697021,
      0.7335615836966095,
      0.6276612687540251
    ]
  ]
}