{
  "rating": {
    "precision": 0.6666666666666666,
    "recall": 0.75,
    "f1-score": 0.7058823529411765,
    "support": 8,
    "confused_with": {
      "movie_name": 2
    }
  },
  "movie_name": {
    "precision": 0.8715277777777778,
    "recall": 0.8202614379084967,
    "f1-score": 0.845117845117845,
    "support": 306,
    "confused_with": {
      "director_name": 2
    }
  },
  "genre": {
    "precision": 1.0,
    "recall": 0.8620689655172413,
    "f1-score": 0.9259259259259259,
    "support": 29,
    "confused_with": {
      "movie_name": 1
    }
  },
  "number_of_actors": {
    "precision": 1.0,
    "recall": 0.2222222222222222,
    "f1-score": 0.3636363636363636,
    "support": 9,
    "confused_with": {
      "rating": 2
    }
  },
  "release_date": {
    "precision": 0.9523809523809523,
    "recall": 1.0,
    "f1-score": 0.975609756097561,
    "support": 20,
    "confused_with": {}
  },
  "cast": {
    "precision": 0.8166666666666667,
    "recall": 0.8596491228070176,
    "f1-score": 0.8376068376068376,
    "support": 57,
    "confused_with": {
      "movie_name": 3
    }
  },
  "movie_period": {
    "precision": 0.6190476190476191,
    "recall": 0.5909090909090909,
    "f1-score": 0.6046511627906977,
    "support": 44,
    "confused_with": {
      "movie_name": 4
    }
  },
  "director_name": {
    "precision": 0.7894736842105263,
    "recall": 0.3409090909090909,
    "f1-score": 0.4761904761904762,
    "support": 44,
    "confused_with": {
      "cast": 8
    }
  },
  "micro avg": {
    "precision": 0.8454935622317596,
    "recall": 0.7620889748549323,
    "f1-score": 0.8016276703967447,
    "support": 517
  },
  "macro avg": {
    "precision": 0.8394704208437761,
    "recall": 0.680752491284145,
    "f1-score": 0.7168275900383605,
    "support": 517
  },
  "weighted avg": {
    "precision": 0.8464088776098855,
    "recall": 0.7620889748549323,
    "f1-score": 0.7914710165084752,
    "support": 517
  },
  "accuracy": 0.9424157303370787
}