{
  "movie_composer": {
    "precision": 0.8666666666666667,
    "recall": 1.0,
    "f1-score": 0.9285714285714286,
    "support": 13,
    "confused_with": {}
  },
  "deny": {
    "precision": 0.375,
    "recall": 0.5,
    "f1-score": 0.42857142857142855,
    "support": 6,
    "confused_with": {
      "movie_revenue": 1,
      "greetings": 1
    }
  },
  "ask_movie_question": {
    "precision": 0.8333333333333334,
    "recall": 0.9090909090909091,
    "f1-score": 0.8695652173913043,
    "support": 11,
    "confused_with": {
      "out_of_scope": 1
    }
  },
  "movie_release_date": {
    "precision": 0.9333333333333333,
    "recall": 0.9333333333333333,
    "f1-score": 0.9333333333333333,
    "support": 15,
    "confused_with": {
      "movie_cast": 1
    }
  },
  "is_before": {
    "precision": 0.0,
    "recall": 0.0,
    "f1-score": 0.0,
    "support": 4,
    "confused_with": {
      "is_after": 2,
      "is_exactly": 1,
      "movie_cast": 1
    }
  },
  "just_genre+just_cast+just_year": {
    "precision": 0.6153846153846154,
    "recall": 1.0,
    "f1-score": 0.761904761904762,
    "support": 8,
    "confused_with": {}
  },
  "movie_plot": {
    "precision": 0.75,
    "recall": 0.8571428571428571,
    "f1-score": 0.7999999999999999,
    "support": 14,
    "confused_with": {
      "movie_genre": 2
    }
  },
  "just_year": {
    "precision": 1.0,
    "recall": 0.8888888888888888,
    "f1-score": 0.9411764705882353,
    "support": 9,
    "confused_with": {
      "just_genre+just_cast+just_year": 1
    }
  },
  "recommendation_without_movie_over_informative": {
    "precision": 1.0,
    "recall": 0.25,
    "f1-score": 0.4,
    "support": 4,
    "confused_with": {
      "just_genre+just_cast+just_year": 3
    }
  },
  "ask_movie_with_similar_plot": {
    "precision": 0.7857142857142857,
    "recall": 0.9166666666666666,
    "f1-score": 0.8461538461538461,
    "support": 12,
    "confused_with": {
      "ask_recommendation_without_movie": 1
    }
  },
  "movie_revenue": {
    "precision": 0.7,
    "recall": 0.875,
    "f1-score": 0.7777777777777777,
    "support": 8,
    "confused_with": {
      "ask_recommendation_with_movie": 1
    }
  },
  "just_rating": {
    "precision": 0.6666666666666666,
    "recall": 0.5,
    "f1-score": 0.5714285714285715,
    "support": 4,
    "confused_with": {
      "movie_rating": 1,
      "just_director": 1
    }
  },
  "movie_producer": {
    "precision": 0.9285714285714286,
    "recall": 0.9285714285714286,
    "f1-score": 0.9285714285714286,
    "support": 14,
    "confused_with": {
      "movie_director": 1
    }
  },
  "ask_recommendation_with_movie": {
    "precision": 0.75,
    "recall": 1.0,
    "f1-score": 0.8571428571428571,
    "support": 9,
    "confused_with": {}
  },
  "affirm": {
    "precision": 0.8333333333333334,
    "recall": 0.625,
    "f1-score": 0.7142857142857143,
    "support": 8,
    "confused_with": {
      "deny": 2,
      "movie_cast": 1
    }
  },
  "goodbye": {
    "precision": 1.0,
    "recall": 0.5,
    "f1-score": 0.6666666666666666,
    "support": 8,
    "confused_with": {
      "affirm": 1,
      "out_of_scope": 1
    }
  },
  "ask_recommendation_without_movie": {
    "precision": 0.6666666666666666,
    "recall": 0.3333333333333333,
    "f1-score": 0.4444444444444444,
    "support": 6,
    "confused_with": {
      "ask_movie_with_similar_plot": 2,
      "ask_recommendation_with_movie": 2
    }
  },
  "is_exactly": {
    "precision": 0.625,
    "recall": 1.0,
    "f1-score": 0.7692307692307693,
    "support": 5,
    "confused_with": {}
  },
  "movie_genre+movie_producer": {
    "precision": 1.0,
    "recall": 0.5,
    "f1-score": 0.6666666666666666,
    "support": 4,
    "confused_with": {
      "movie_genre": 2
    }
  },
  "movie_genre": {
    "precision": 0.7647058823529411,
    "recall": 0.9285714285714286,
    "f1-score": 0.8387096774193549,
    "support": 14,
    "confused_with": {
      "movie_plot": 1
    }
  },
  "greetings": {
    "precision": 0.375,
    "recall": 0.75,
    "f1-score": 0.5,
    "support": 4,
    "confused_with": {
      "just_rating": 1
    }
  },
  "movie_budget": {
    "precision": 1.0,
    "recall": 0.9090909090909091,
    "f1-score": 0.9523809523809523,
    "support": 11,
    "confused_with": {
      "movie_producer": 1
    }
  },
  "just_genre": {
    "precision": 0.8333333333333334,
    "recall": 0.625,
    "f1-score": 0.7142857142857143,
    "support": 8,
    "confused_with": {
      "just_director": 1,
      "movie_rating": 1
    }
  },
  "movie_rating": {
    "precision": 0.75,
    "recall": 1.0,
    "f1-score": 0.8571428571428571,
    "support": 9,
    "confused_with": {}
  },
  "movie_director": {
    "precision": 0.8125,
    "recall": 0.9285714285714286,
    "f1-score": 0.8666666666666666,
    "support": 14,
    "confused_with": {
      "movie_cast": 1
    }
  },
  "just_rating+just_director": {
    "precision": 0.8,
    "recall": 1.0,
    "f1-score": 0.888888888888889,
    "support": 4,
    "confused_with": {}
  },
  "just_cast": {
    "precision": 0.3333333333333333,
    "recall": 0.15384615384615385,
    "f1-score": 0.21052631578947367,
    "support": 13,
    "confused_with": {
      "just_director": 6,
      "just_genre+just_cast+just_year": 1
    }
  },
  "is_after": {
    "precision": 0.5,
    "recall": 0.4,
    "f1-score": 0.4444444444444445,
    "support": 5,
    "confused_with": {
      "is_exactly": 2,
      "movie_cast": 1
    }
  },
  "out_of_scope": {
    "precision": 0.75,
    "recall": 0.6666666666666666,
    "f1-score": 0.7058823529411765,
    "support": 9,
    "confused_with": {
      "movie_director": 1,
      "movie_rating": 1
    }
  },
  "just_director": {
    "precision": 0.18181818181818182,
    "recall": 0.15384615384615385,
    "f1-score": 0.16666666666666669,
    "support": 13,
    "confused_with": {
      "just_cast": 4,
      "greetings": 3
    }
  },
  "movie_runtime": {
    "precision": 1.0,
    "recall": 0.875,
    "f1-score": 0.9333333333333333,
    "support": 8,
    "confused_with": {
      "movie_plot": 1
    }
  },
  "movie_cast": {
    "precision": 0.7368421052631579,
    "recall": 0.7368421052631579,
    "f1-score": 0.7368421052631579,
    "support": 19,
    "confused_with": {
      "movie_revenue": 2,
      "movie_release_date": 1
    }
  },
  "accuracy": 0.7474402730375427,
  "macro avg": {
    "precision": 0.7239750989303524,
    "recall": 0.7076394457151036,
    "f1-score": 0.6912894174359975,
    "support": 293
  },
  "weighted avg": {
    "precision": 0.742279296023524,
    "recall": 0.7474402730375427,
    "f1-score": 0.7285255992582914,
    "support": 293
  },
  "micro avg": {
    "precision": 0.7474402730375427,
    "recall": 0.7474402730375427,
    "f1-score": 0.7474402730375427,
    "support": 293
  }
}