{
  "rating": {
    "precision": 0.6666666666666666,
    "recall": 0.75,
    "f1-score": 0.7058823529411765,
    "support": 8,
    "confused_with": {
      "number_of_actors": 1,
      "movie_name": 1
    }
  },
  "movie_name": {
    "precision": 0.8461538461538461,
    "recall": 0.8986928104575164,
    "f1-score": 0.8716323296354992,
    "support": 306,
    "confused_with": {
      "director_name": 2
    }
  },
  "genre": {
    "precision": 1.0,
    "recall": 0.9310344827586207,
    "f1-score": 0.9642857142857143,
    "support": 29,
    "confused_with": {}
  },
  "number_of_actors": {
    "precision": 0.7142857142857143,
    "recall": 0.5555555555555556,
    "f1-score": 0.6250000000000001,
    "support": 9,
    "confused_with": {
      "rating": 2
    }
  },
  "release_date": {
    "precision": 0.9523809523809523,
    "recall": 1.0,
    "f1-score": 0.975609756097561,
    "support": 20,
    "confused_with": {}
  },
  "cast": {
    "precision": 0.7833333333333333,
    "recall": 0.8245614035087719,
    "f1-score": 0.8034188034188033,
    "support": 57,
    "confused_with": {
      "director_name": 6
    }
  },
  "movie_period": {
    "precision": 0.875,
    "recall": 0.9545454545454546,
    "f1-score": 0.9130434782608695,
    "support": 44,
    "confused_with": {}
  },
  "director_name": {
    "precision": 0.6666666666666666,
    "recall": 0.36363636363636365,
    "f1-score": 0.4705882352941177,
    "support": 44,
    "confused_with": {
      "cast": 10
    }
  },
  "micro avg": {
    "precision": 0.8406909788867563,
    "recall": 0.8471953578336557,
    "f1-score": 0.8439306358381503,
    "support": 517
  },
  "macro avg": {
    "precision": 0.8130608974358975,
    "recall": 0.7847532588077853,
    "f1-score": 0.7911825837417177,
    "support": 517
  },
  "weighted avg": {
    "precision": 0.8340733734350755,
    "recall": 0.8471953578336557,
    "f1-score": 0.8358659569042945,
    "support": 517
  },
  "accuracy": 0.9536516853932584
}