{
  "rating": {
    "precision": 0.6,
    "recall": 0.75,
    "f1-score": 0.6666666666666665,
    "support": 8,
    "confused_with": {
      "number_of_actors": 2
    }
  },
  "movie_name": {
    "precision": 0.8831168831168831,
    "recall": 0.7034482758620689,
    "f1-score": 0.783109404990403,
    "support": 290,
    "confused_with": {
      "cast": 4
    }
  },
  "genre": {
    "precision": 0.6666666666666666,
    "recall": 0.7333333333333333,
    "f1-score": 0.6984126984126984,
    "support": 30,
    "confused_with": {
      "movie_name": 3
    }
  },
  "number_of_actors": {
    "precision": 0.2,
    "recall": 0.2222222222222222,
    "f1-score": 0.2105263157894737,
    "support": 9,
    "confused_with": {
      "rating": 1
    }
  },
  "release_date": {
    "precision": 1.0,
    "recall": 1.0,
    "f1-score": 1.0,
    "support": 21,
    "confused_with": {}
  },
  "cast": {
    "precision": 0.7017543859649122,
    "recall": 0.6557377049180327,
    "f1-score": 0.6779661016949152,
    "support": 61,
    "confused_with": {
      "director_name": 10
    }
  },
  "movie_period": {
    "precision": 0.85,
    "recall": 0.3953488372093023,
    "f1-score": 0.5396825396825397,
    "support": 43,
    "confused_with": {
      "movie_name": 6
    }
  },
  "director_name": {
    "precision": 0.7105263157894737,
    "recall": 0.6136363636363636,
    "f1-score": 0.6585365853658537,
    "support": 44,
    "confused_with": {
      "cast": 7,
      "movie_name": 5
    }
  },
  "micro avg": {
    "precision": 0.8071428571428572,
    "recall": 0.6699604743083004,
    "f1-score": 0.7321814254859611,
    "support": 506
  },
  "macro avg": {
    "precision": 0.7015080314422419,
    "recall": 0.6342158421476654,
    "f1-score": 0.6543625390753187,
    "support": 506
  },
  "weighted avg": {
    "precision": 0.818822275775677,
    "recall": 0.6699604743083004,
    "f1-score": 0.7308697030452037,
    "support": 506
  },
  "accuracy": 0.9284449167552249
}