{
  "rating": {
    "precision": 0.6,
    "recall": 0.375,
    "f1-score": 0.4615384615384615,
    "support": 8,
    "confused_with": {
      "number_of_actors": 4
    }
  },
  "movie_name": {
    "precision": 0.9430604982206405,
    "recall": 0.9363957597173145,
    "f1-score": 0.9397163120567376,
    "support": 283,
    "confused_with": {
      "movie_period": 3
    }
  },
  "genre": {
    "precision": 0.9285714285714286,
    "recall": 0.8666666666666667,
    "f1-score": 0.896551724137931,
    "support": 30,
    "confused_with": {
      "movie_name": 1
    }
  },
  "number_of_actors": {
    "precision": 0.5555555555555556,
    "recall": 0.5555555555555556,
    "f1-score": 0.5555555555555556,
    "support": 9,
    "confused_with": {
      "rating": 1
    }
  },
  "release_date": {
    "precision": 0.9545454545454546,
    "recall": 1.0,
    "f1-score": 0.9767441860465117,
    "support": 21,
    "confused_with": {}
  },
  "cast": {
    "precision": 0.8333333333333334,
    "recall": 0.847457627118644,
    "f1-score": 0.8403361344537815,
    "support": 59,
    "confused_with": {
      "director_name": 8
    }
  },
  "movie_period": {
    "precision": 0.7142857142857143,
    "recall": 0.6451612903225806,
    "f1-score": 0.6779661016949152,
    "support": 31,
    "confused_with": {}
  },
  "director_name": {
    "precision": 0.7428571428571429,
    "recall": 0.7222222222222222,
    "f1-score": 0.732394366197183,
    "support": 36,
    "confused_with": {
      "cast": 6
    }
  },
  "micro avg": {
    "precision": 0.8888888888888888,
    "recall": 0.8721174004192872,
    "f1-score": 0.8804232804232803,
    "support": 477
  },
  "macro avg": {
    "precision": 0.7840261409211587,
    "recall": 0.7435573902003729,
    "f1-score": 0.7601003552101346,
    "support": 477
  },
  "weighted avg": {
    "precision": 0.8860400405690139,
    "recall": 0.8721174004192872,
    "f1-score": 0.8784133792534446,
    "support": 477
  },
  "accuracy": 0.9704641350210971
}