{
  "genre": {
    "precision": 0.9207317073170732,
    "recall": 0.9556962025316456,
    "f1-score": 0.937888198757764,
    "support": 158,
    "confused_with": {
      "movie_name": 1
    }
  },
  "movie_name": {
    "precision": 0.9427652733118971,
    "recall": 0.9464170432537121,
    "f1-score": 0.9445876288659794,
    "support": 1549,
    "confused_with": {
      "genre": 3
    }
  },
  "number_of_actors": {
    "precision": 0.8275862068965517,
    "recall": 0.7272727272727273,
    "f1-score": 0.7741935483870968,
    "support": 33,
    "confused_with": {
      "rating": 4
    }
  },
  "director_name": {
    "precision": 0.6942675159235668,
    "recall": 0.5215311004784688,
    "f1-score": 0.5956284153005464,
    "support": 209,
    "confused_with": {
      "cast": 67
    }
  },
  "cast": {
    "precision": 0.7247386759581882,
    "recall": 0.7647058823529411,
    "f1-score": 0.7441860465116279,
    "support": 272,
    "confused_with": {
      "director_name": 42
    }
  },
  "movie_period": {
    "precision": 0.9044585987261147,
    "recall": 0.7675675675675676,
    "f1-score": 0.8304093567251463,
    "support": 185,
    "confused_with": {
      "movie_name": 6
    }
  },
  "release_date": {
    "precision": 0.9803921568627451,
    "recall": 1.0,
    "f1-score": 0.99009900990099,
    "support": 100,
    "confused_with": {}
  },
  "rating": {
    "precision": 0.7954545454545454,
    "recall": 0.8974358974358975,
    "f1-score": 0.8433734939759037,
    "support": 39,
    "confused_with": {
      "movie_name": 1
    }
  },
  "micro avg": {
    "precision": 0.8957915831663327,
    "recall": 0.8781925343811395,
    "f1-score": 0.886904761904762,
    "support": 2545
  },
  "macro avg": {
    "precision": 0.8487993350563353,
    "recall": 0.82257830261162,
    "f1-score": 0.8325457123031318,
    "support": 2545
  },
  "weighted avg": {
    "precision": 0.8926314252871504,
    "recall": 0.8781925343811395,
    "f1-score": 0.8838244013014503,
    "support": 2545
  },
  "accuracy": 0.9712659828579457
}