{
  "movie_release_date": {
    "precision": 1.0,
    "recall": 0.9859154929577465,
    "f1-score": 0.9929078014184397,
    "support": 71,
    "confused_with": {
      "movie_runtime": 1
    }
  },
  "just_year": {
    "precision": 1.0,
    "recall": 0.9090909090909091,
    "f1-score": 0.9523809523809523,
    "support": 44,
    "confused_with": {
      "affirm": 1,
      "just_genre+just_cast+just_year": 1
    }
  },
  "ask_movie_with_similar_plot": {
    "precision": 0.8769230769230769,
    "recall": 0.9193548387096774,
    "f1-score": 0.8976377952755904,
    "support": 62,
    "confused_with": {
      "ask_recommendation_without_movie": 2,
      "movie_rating": 1
    }
  },
  "movie_composer": {
    "precision": 0.8939393939393939,
    "recall": 0.9516129032258065,
    "f1-score": 0.921875,
    "support": 62,
    "confused_with": {
      "movie_producer": 2,
      "movie_director": 1
    }
  },
  "just_genre+just_cast+just_year": {
    "precision": 0.9,
    "recall": 0.9473684210526315,
    "f1-score": 0.9230769230769231,
    "support": 38,
    "confused_with": {
      "recommendation_without_movie_over_informative": 2
    }
  },
  "greetings": {
    "precision": 0.875,
    "recall": 0.7,
    "f1-score": 0.7777777777777777,
    "support": 20,
    "confused_with": {
      "goodbye": 3,
      "just_cast": 2
    }
  },
  "is_exactly": {
    "precision": 0.8076923076923077,
    "recall": 0.875,
    "f1-score": 0.8400000000000001,
    "support": 24,
    "confused_with": {
      "is_before": 2,
      "just_cast": 1
    }
  },
  "is_after": {
    "precision": 0.8666666666666667,
    "recall": 0.5909090909090909,
    "f1-score": 0.7027027027027029,
    "support": 22,
    "confused_with": {
      "is_before": 7,
      "goodbye": 1
    }
  },
  "ask_recommendation_without_movie": {
    "precision": 0.875,
    "recall": 0.8484848484848485,
    "f1-score": 0.8615384615384615,
    "support": 33,
    "confused_with": {
      "ask_movie_with_similar_plot": 4,
      "ask_recommendation_with_movie": 1
    }
  },
  "goodbye": {
    "precision": 0.8636363636363636,
    "recall": 0.8837209302325582,
    "f1-score": 0.8735632183908046,
    "support": 43,
    "confused_with": {
      "greetings": 2,
      "ask_recommendation_without_movie": 1
    }
  },
  "just_cast": {
    "precision": 0.4714285714285714,
    "recall": 0.515625,
    "f1-score": 0.4925373134328358,
    "support": 64,
    "confused_with": {
      "just_director": 28,
      "just_genre": 2
    }
  },
  "movie_rating": {
    "precision": 0.9444444444444444,
    "recall": 0.8095238095238095,
    "f1-score": 0.8717948717948718,
    "support": 42,
    "confused_with": {
      "movie_genre": 2,
      "movie_runtime": 2
    }
  },
  "out_of_scope": {
    "precision": 0.925,
    "recall": 0.8604651162790697,
    "f1-score": 0.891566265060241,
    "support": 43,
    "confused_with": {
      "movie_genre": 2,
      "movie_runtime": 1
    }
  },
  "movie_genre": {
    "precision": 0.8552631578947368,
    "recall": 0.9154929577464789,
    "f1-score": 0.8843537414965986,
    "support": 71,
    "confused_with": {
      "movie_plot": 3,
      "movie_runtime": 1
    }
  },
  "movie_director": {
    "precision": 0.958904109589041,
    "recall": 0.9722222222222222,
    "f1-score": 0.9655172413793104,
    "support": 72,
    "confused_with": {
      "movie_budget": 1,
      "movie_cast": 1
    }
  },
  "movie_producer": {
    "precision": 0.890625,
    "recall": 0.8507462686567164,
    "f1-score": 0.8702290076335878,
    "support": 67,
    "confused_with": {
      "movie_composer": 3,
      "movie_cast": 3
    }
  },
  "deny": {
    "precision": 0.9130434782608695,
    "recall": 0.7,
    "f1-score": 0.7924528301886793,
    "support": 30,
    "confused_with": {
      "affirm": 3,
      "goodbye": 2
    }
  },
  "ask_recommendation_with_movie": {
    "precision": 0.9130434782608695,
    "recall": 0.9767441860465116,
    "f1-score": 0.9438202247191011,
    "support": 43,
    "confused_with": {
      "ask_movie_with_similar_plot": 1
    }
  },
  "is_before": {
    "precision": 0.6428571428571429,
    "recall": 0.8181818181818182,
    "f1-score": 0.7200000000000001,
    "support": 22,
    "confused_with": {
      "is_after": 2,
      "is_exactly": 2
    }
  },
  "movie_revenue": {
    "precision": 0.8108108108108109,
    "recall": 0.7142857142857143,
    "f1-score": 0.759493670886076,
    "support": 42,
    "confused_with": {
      "movie_budget": 8,
      "movie_composer": 1
    }
  },
  "affirm": {
    "precision": 0.8529411764705882,
    "recall": 0.7631578947368421,
    "f1-score": 0.8055555555555555,
    "support": 38,
    "confused_with": {
      "just_cast": 3,
      "movie_director": 1
    }
  },
  "just_director": {
    "precision": 0.5584415584415584,
    "recall": 0.6323529411764706,
    "f1-score": 0.5931034482758619,
    "support": 68,
    "confused_with": {
      "just_cast": 22,
      "just_genre": 2
    }
  },
  "just_rating+just_director": {
    "precision": 0.9047619047619048,
    "recall": 0.8636363636363636,
    "f1-score": 0.8837209302325582,
    "support": 22,
    "confused_with": {
      "just_cast": 2,
      "movie_revenue": 1
    }
  },
  "movie_genre+movie_producer": {
    "precision": 0.8571428571428571,
    "recall": 0.9,
    "f1-score": 0.8780487804878048,
    "support": 20,
    "confused_with": {
      "movie_producer": 1,
      "movie_composer": 1
    }
  },
  "recommendation_without_movie_over_informative": {
    "precision": 0.8571428571428571,
    "recall": 0.9473684210526315,
    "f1-score": 0.9,
    "support": 19,
    "confused_with": {
      "just_genre+just_cast+just_year": 1
    }
  },
  "just_rating": {
    "precision": 1.0,
    "recall": 0.6470588235294118,
    "f1-score": 0.7857142857142858,
    "support": 17,
    "confused_with": {
      "just_director": 1,
      "ask_movie_question": 1
    }
  },
  "movie_runtime": {
    "precision": 0.717391304347826,
    "recall": 0.7857142857142857,
    "f1-score": 0.75,
    "support": 42,
    "confused_with": {
      "movie_plot": 2,
      "movie_genre": 2
    }
  },
  "just_genre": {
    "precision": 0.85,
    "recall": 0.7906976744186046,
    "f1-score": 0.8192771084337349,
    "support": 43,
    "confused_with": {
      "just_director": 2,
      "movie_plot": 2
    }
  },
  "movie_cast": {
    "precision": 0.9285714285714286,
    "recall": 0.9381443298969072,
    "f1-score": 0.9333333333333333,
    "support": 97,
    "confused_with": {
      "movie_producer": 3,
      "movie_director": 1
    }
  },
  "ask_movie_question": {
    "precision": 0.9666666666666667,
    "recall": 0.9666666666666667,
    "f1-score": 0.9666666666666667,
    "support": 30,
    "confused_with": {
      "movie_genre+movie_producer": 1
    }
  },
  "movie_plot": {
    "precision": 0.8571428571428571,
    "recall": 0.8571428571428571,
    "f1-score": 0.8571428571428571,
    "support": 70,
    "confused_with": {
      "movie_runtime": 5,
      "movie_genre": 5
    }
  },
  "movie_budget": {
    "precision": 0.8095238095238095,
    "recall": 0.8793103448275862,
    "f1-score": 0.8429752066115702,
    "support": 58,
    "confused_with": {
      "movie_revenue": 5,
      "movie_runtime": 1
    }
  },
  "accuracy": 0.8471160528144545,
  "macro avg": {
    "precision": 0.8576251382067703,
    "recall": 0.8348748478251324,
    "f1-score": 0.8422113741127244,
    "support": 1439
  },
  "weighted avg": {
    "precision": 0.8535638100415329,
    "recall": 0.8471160528144545,
    "f1-score": 0.8479480762243933,
    "support": 1439
  },
  "micro avg": {
    "precision": 0.8471160528144545,
    "recall": 0.8471160528144545,
    "f1-score": 0.8471160528144545,
    "support": 1439
  }
}