{
  "just_rating+just_director": {
    "precision": 0.8695652173913043,
    "recall": 0.9090909090909091,
    "f1-score": 0.888888888888889,
    "support": 22,
    "confused_with": {
      "ask_movie_question": 1,
      "just_cast": 1
    }
  },
  "movie_plot": {
    "precision": 0.8461538461538461,
    "recall": 0.9428571428571428,
    "f1-score": 0.8918918918918919,
    "support": 70,
    "confused_with": {
      "movie_runtime": 2,
      "movie_genre": 2
    }
  },
  "movie_producer": {
    "precision": 0.8615384615384616,
    "recall": 0.835820895522388,
    "f1-score": 0.8484848484848485,
    "support": 67,
    "confused_with": {
      "movie_composer": 3,
      "movie_cast": 3
    }
  },
  "movie_cast": {
    "precision": 0.9381443298969072,
    "recall": 0.9381443298969072,
    "f1-score": 0.9381443298969072,
    "support": 97,
    "confused_with": {
      "movie_producer": 3,
      "movie_director": 1
    }
  },
  "just_cast": {
    "precision": 0.484375,
    "recall": 0.484375,
    "f1-score": 0.484375,
    "support": 64,
    "confused_with": {
      "just_director": 25,
      "greetings": 3
    }
  },
  "goodbye": {
    "precision": 0.875,
    "recall": 0.813953488372093,
    "f1-score": 0.8433734939759036,
    "support": 43,
    "confused_with": {
      "deny": 2,
      "greetings": 2
    }
  },
  "just_director": {
    "precision": 0.5342465753424658,
    "recall": 0.5735294117647058,
    "f1-score": 0.553191489361702,
    "support": 68,
    "confused_with": {
      "just_cast": 24,
      "out_of_scope": 2
    }
  },
  "ask_recommendation_without_movie": {
    "precision": 0.967741935483871,
    "recall": 0.9090909090909091,
    "f1-score": 0.9374999999999999,
    "support": 33,
    "confused_with": {
      "ask_movie_with_similar_plot": 2,
      "ask_recommendation_with_movie": 1
    }
  },
  "deny": {
    "precision": 0.8,
    "recall": 0.8,
    "f1-score": 0.8000000000000002,
    "support": 30,
    "confused_with": {
      "goodbye": 2,
      "just_director": 2
    }
  },
  "movie_release_date": {
    "precision": 1.0,
    "recall": 0.971830985915493,
    "f1-score": 0.9857142857142858,
    "support": 71,
    "confused_with": {
      "movie_runtime": 1,
      "movie_revenue": 1
    }
  },
  "just_rating": {
    "precision": 1.0,
    "recall": 0.5882352941176471,
    "f1-score": 0.7407407407407407,
    "support": 17,
    "confused_with": {
      "just_rating+just_director": 1,
      "ask_movie_question": 1
    }
  },
  "just_year": {
    "precision": 1.0,
    "recall": 0.8863636363636364,
    "f1-score": 0.9397590361445783,
    "support": 44,
    "confused_with": {
      "just_cast": 2,
      "affirm": 1
    }
  },
  "movie_genre": {
    "precision": 0.8354430379746836,
    "recall": 0.9295774647887324,
    "f1-score": 0.88,
    "support": 71,
    "confused_with": {
      "movie_runtime": 2,
      "movie_plot": 2
    }
  },
  "is_after": {
    "precision": 0.8333333333333334,
    "recall": 0.6818181818181818,
    "f1-score": 0.7499999999999999,
    "support": 22,
    "confused_with": {
      "is_before": 4,
      "is_exactly": 2
    }
  },
  "ask_movie_with_similar_plot": {
    "precision": 0.8923076923076924,
    "recall": 0.9206349206349206,
    "f1-score": 0.90625,
    "support": 63,
    "confused_with": {
      "ask_recommendation_with_movie": 1,
      "ask_recommendation_without_movie": 1
    }
  },
  "just_genre+just_cast+just_year": {
    "precision": 0.9230769230769231,
    "recall": 0.9473684210526315,
    "f1-score": 0.935064935064935,
    "support": 38,
    "confused_with": {
      "recommendation_without_movie_over_informative": 2
    }
  },
  "movie_composer": {
    "precision": 0.9206349206349206,
    "recall": 0.9354838709677419,
    "f1-score": 0.9279999999999999,
    "support": 62,
    "confused_with": {
      "movie_producer": 3,
      "movie_director": 1
    }
  },
  "is_before": {
    "precision": 0.782608695652174,
    "recall": 0.8181818181818182,
    "f1-score": 0.8,
    "support": 22,
    "confused_with": {
      "is_after": 3,
      "is_exactly": 1
    }
  },
  "is_exactly": {
    "precision": 0.8214285714285714,
    "recall": 0.9583333333333334,
    "f1-score": 0.8846153846153847,
    "support": 24,
    "confused_with": {
      "just_cast": 1
    }
  },
  "greetings": {
    "precision": 0.65,
    "recall": 0.6190476190476191,
    "f1-score": 0.6341463414634146,
    "support": 21,
    "confused_with": {
      "deny": 3,
      "goodbye": 2
    }
  },
  "movie_rating": {
    "precision": 0.8888888888888888,
    "recall": 0.7619047619047619,
    "f1-score": 0.8205128205128205,
    "support": 42,
    "confused_with": {
      "movie_runtime": 3,
      "movie_genre": 2
    }
  },
  "movie_budget": {
    "precision": 0.7936507936507936,
    "recall": 0.8620689655172413,
    "f1-score": 0.8264462809917354,
    "support": 58,
    "confused_with": {
      "movie_revenue": 6,
      "movie_runtime": 1
    }
  },
  "just_genre": {
    "precision": 0.8974358974358975,
    "recall": 0.813953488372093,
    "f1-score": 0.8536585365853658,
    "support": 43,
    "confused_with": {
      "movie_plot": 2,
      "greetings": 1
    }
  },
  "out_of_scope": {
    "precision": 0.7916666666666666,
    "recall": 0.8837209302325582,
    "f1-score": 0.8351648351648352,
    "support": 43,
    "confused_with": {
      "movie_runtime": 2,
      "movie_revenue": 1
    }
  },
  "movie_genre+movie_producer": {
    "precision": 0.8666666666666667,
    "recall": 0.65,
    "f1-score": 0.7428571428571429,
    "support": 20,
    "confused_with": {
      "movie_genre": 4,
      "movie_producer": 2
    }
  },
  "affirm": {
    "precision": 0.8787878787878788,
    "recall": 0.7631578947368421,
    "f1-score": 0.8169014084507042,
    "support": 38,
    "confused_with": {
      "movie_genre": 1,
      "ask_movie_question": 1
    }
  },
  "ask_movie_question": {
    "precision": 0.8983050847457628,
    "recall": 0.9814814814814815,
    "f1-score": 0.9380530973451328,
    "support": 54,
    "confused_with": {
      "out_of_scope": 1
    }
  },
  "movie_runtime": {
    "precision": 0.6511627906976745,
    "recall": 0.6666666666666666,
    "f1-score": 0.6588235294117646,
    "support": 42,
    "confused_with": {
      "movie_budget": 3,
      "movie_plot": 3
    }
  },
  "ask_recommendation_with_movie": {
    "precision": 0.8913043478260869,
    "recall": 0.9534883720930233,
    "f1-score": 0.9213483146067417,
    "support": 43,
    "confused_with": {
      "movie_runtime": 1,
      "ask_movie_with_similar_plot": 1
    }
  },
  "recommendation_without_movie_over_informative": {
    "precision": 0.8571428571428571,
    "recall": 0.9473684210526315,
    "f1-score": 0.9,
    "support": 19,
    "confused_with": {
      "just_genre+just_cast+just_year": 1
    }
  },
  "movie_revenue": {
    "precision": 0.75,
    "recall": 0.6428571428571429,
    "f1-score": 0.6923076923076924,
    "support": 42,
    "confused_with": {
      "movie_budget": 7,
      "movie_rating": 2
    }
  },
  "movie_director": {
    "precision": 0.9583333333333334,
    "recall": 0.9583333333333334,
    "f1-score": 0.9583333333333334,
    "support": 72,
    "confused_with": {
      "movie_budget": 2,
      "movie_cast": 1
    }
  },
  "accuracy": 0.8395904436860068,
  "macro avg": {
    "precision": 0.842466992064302,
    "recall": 0.8233980965957683,
    "f1-score": 0.8292046143065859,
    "support": 1465
  },
  "weighted avg": {
    "precision": 0.8425048096430882,
    "recall": 0.8395904436860068,
    "f1-score": 0.8388453235332428,
    "support": 1465
  },
  "micro avg": {
    "precision": 0.8395904436860068,
    "recall": 0.8395904436860068,
    "f1-score": 0.8395904436860068,
    "support": 1465
  }
}