{
  "number_of_actors": {
    "precision": 0.7272727272727273,
    "recall": 0.48484848484848486,
    "f1-score": 0.5818181818181818,
    "support": 33,
    "confused_with": {
      "rating": 11
    }
  },
  "cast": {
    "precision": 0.7568807339449541,
    "recall": 0.7051282051282052,
    "f1-score": 0.7300884955752213,
    "support": 234,
    "confused_with": {
      "director_name": 51
    }
  },
  "release_date": {
    "precision": 0.9425287356321839,
    "recall": 1.0,
    "f1-score": 0.9704142011834319,
    "support": 82,
    "confused_with": {}
  },
  "rating": {
    "precision": 0.625,
    "recall": 0.8974358974358975,
    "f1-score": 0.736842105263158,
    "support": 39,
    "confused_with": {
      "movie_name": 3,
      "number_of_actors": 1
    }
  },
  "genre": {
    "precision": 0.8985507246376812,
    "recall": 0.8920863309352518,
    "f1-score": 0.8953068592057762,
    "support": 139,
    "confused_with": {
      "movie_name": 5
    }
  },
  "director_name": {
    "precision": 0.6777777777777778,
    "recall": 0.583732057416268,
    "f1-score": 0.6272493573264782,
    "support": 209,
    "confused_with": {
      "cast": 49
    }
  },
  "movie_period": {
    "precision": 0.8541666666666666,
    "recall": 0.8864864864864865,
    "f1-score": 0.870026525198939,
    "support": 185,
    "confused_with": {}
  },
  "movie_name": {
    "precision": 0.884781269254467,
    "recall": 0.9270497094899935,
    "f1-score": 0.9054224464060528,
    "support": 1549,
    "confused_with": {
      "rating": 10
    }
  },
  "micro avg": {
    "precision": 0.8521462639109698,
    "recall": 0.8680161943319838,
    "f1-score": 0.8600080224628962,
    "support": 2470
  },
  "macro avg": {
    "precision": 0.7958698293983073,
    "recall": 0.7970958964675734,
    "f1-score": 0.789646021497155,
    "support": 2470
  },
  "weighted avg": {
    "precision": 0.8493415278354877,
    "recall": 0.8680161943319838,
    "f1-score": 0.8572261377823979,
    "support": 2470
  },
  "accuracy": 0.9604689613708102
}