{
  "genre": {
    "precision": 0.9296875,
    "recall": 0.8561151079136691,
    "f1-score": 0.8913857677902621,
    "support": 139,
    "confused_with": {
      "movie_name": 5
    }
  },
  "movie_period": {
    "precision": 0.8325123152709359,
    "recall": 0.9135135135135135,
    "f1-score": 0.8711340206185566,
    "support": 185,
    "confused_with": {}
  },
  "movie_name": {
    "precision": 0.9034090909090909,
    "recall": 0.9238218205293738,
    "f1-score": 0.9135014363230131,
    "support": 1549,
    "confused_with": {
      "rating": 12
    }
  },
  "number_of_actors": {
    "precision": 0.9,
    "recall": 0.3333333333333333,
    "f1-score": 0.48648648648648646,
    "support": 27,
    "confused_with": {
      "rating": 9
    }
  },
  "rating": {
    "precision": 0.5555555555555556,
    "recall": 0.8974358974358975,
    "f1-score": 0.6862745098039216,
    "support": 39,
    "confused_with": {
      "number_of_actors": 1
    }
  },
  "release_date": {
    "precision": 0.9425287356321839,
    "recall": 1.0,
    "f1-score": 0.9704142011834319,
    "support": 82,
    "confused_with": {}
  },
  "cast": {
    "precision": 0.7767441860465116,
    "recall": 0.7136752136752137,
    "f1-score": 0.7438752783964365,
    "support": 234,
    "confused_with": {
      "director_name": 47
    }
  },
  "director_name": {
    "precision": 0.7027027027027027,
    "recall": 0.6220095693779905,
    "f1-score": 0.6598984771573604,
    "support": 209,
    "confused_with": {
      "cast": 43
    }
  },
  "micro avg": {
    "precision": 0.8654545454545455,
    "recall": 0.8693181818181818,
    "f1-score": 0.8673820611459809,
    "support": 2464
  },
  "macro avg": {
    "precision": 0.8178925107646227,
    "recall": 0.7824880569723739,
    "f1-score": 0.7778712722199337,
    "support": 2464
  },
  "weighted avg": {
    "precision": 0.8662739651102108,
    "recall": 0.8693181818181818,
    "f1-score": 0.8650712430141277,
    "support": 2464
  },
  "accuracy": 0.9622315663012464
}