{
  "movie_producer": {
    "precision": 0.9852941176470589,
    "recall": 1.0,
    "f1-score": 0.9925925925925926,
    "support": 67,
    "confused_with": {}
  },
  "movie_composer": {
    "precision": 0.9230769230769231,
    "recall": 0.967741935483871,
    "f1-score": 0.9448818897637796,
    "support": 62,
    "confused_with": {
      "movie_plot": 1,
      "movie_cast": 1
    }
  },
  "ask_recommendation_with_movie": {
    "precision": 0.9772727272727273,
    "recall": 1.0,
    "f1-score": 0.9885057471264368,
    "support": 43,
    "confused_with": {}
  },
  "just_rating": {
    "precision": 1.0,
    "recall": 0.7647058823529411,
    "f1-score": 0.8666666666666666,
    "support": 17,
    "confused_with": {
      "movie_rating": 1,
      "deny": 1
    }
  },
  "movie_revenue": {
    "precision": 0.8636363636363636,
    "recall": 0.9047619047619048,
    "f1-score": 0.8837209302325582,
    "support": 42,
    "confused_with": {
      "movie_budget": 3,
      "movie_release_date": 1
    }
  },
  "just_genre": {
    "precision": 0.9487179487179487,
    "recall": 0.8604651162790697,
    "f1-score": 0.9024390243902439,
    "support": 43,
    "confused_with": {
      "just_director": 2,
      "ask_recommendation_with_movie": 1
    }
  },
  "is_before": {
    "precision": 0.9130434782608695,
    "recall": 0.9545454545454546,
    "f1-score": 0.9333333333333332,
    "support": 22,
    "confused_with": {
      "is_after": 1
    }
  },
  "is_after": {
    "precision": 0.8076923076923077,
    "recall": 0.9545454545454546,
    "f1-score": 0.875,
    "support": 22,
    "confused_with": {
      "is_before": 1
    }
  },
  "movie_plot": {
    "precision": 0.8846153846153846,
    "recall": 0.9857142857142858,
    "f1-score": 0.9324324324324325,
    "support": 70,
    "confused_with": {
      "movie_genre": 1
    }
  },
  "movie_release_date": {
    "precision": 0.9594594594594594,
    "recall": 1.0,
    "f1-score": 0.9793103448275862,
    "support": 71,
    "confused_with": {}
  },
  "movie_director": {
    "precision": 0.9726027397260274,
    "recall": 0.9861111111111112,
    "f1-score": 0.9793103448275863,
    "support": 72,
    "confused_with": {
      "movie_composer": 1
    }
  },
  "is_exactly": {
    "precision": 1.0,
    "recall": 0.875,
    "f1-score": 0.9333333333333333,
    "support": 24,
    "confused_with": {
      "is_after": 2,
      "just_cast": 1
    }
  },
  "ask_movie_question": {
    "precision": 0.9375,
    "recall": 1.0,
    "f1-score": 0.967741935483871,
    "support": 30,
    "confused_with": {}
  },
  "movie_rating": {
    "precision": 0.9523809523809523,
    "recall": 0.9523809523809523,
    "f1-score": 0.9523809523809523,
    "support": 42,
    "confused_with": {
      "movie_genre": 1,
      "movie_plot": 1
    }
  },
  "ask_recommendation_without_movie": {
    "precision": 0.7142857142857143,
    "recall": 0.9090909090909091,
    "f1-score": 0.8,
    "support": 33,
    "confused_with": {
      "ask_movie_with_similar_plot": 3
    }
  },
  "greetings": {
    "precision": 0.7272727272727273,
    "recall": 0.8,
    "f1-score": 0.761904761904762,
    "support": 20,
    "confused_with": {
      "deny": 2,
      "movie_plot": 1
    }
  },
  "movie_genre": {
    "precision": 0.9714285714285714,
    "recall": 0.9577464788732394,
    "f1-score": 0.9645390070921985,
    "support": 71,
    "confused_with": {
      "movie_plot": 3
    }
  },
  "just_year": {
    "precision": 1.0,
    "recall": 1.0,
    "f1-score": 1.0,
    "support": 44,
    "confused_with": {}
  },
  "ask_movie_with_similar_plot": {
    "precision": 0.9473684210526315,
    "recall": 0.8709677419354839,
    "f1-score": 0.9075630252100839,
    "support": 62,
    "confused_with": {
      "ask_recommendation_without_movie": 6,
      "deny": 1
    }
  },
  "just_genre+just_cast+just_year": {
    "precision": 0.9743589743589743,
    "recall": 1.0,
    "f1-score": 0.9870129870129869,
    "support": 38,
    "confused_with": {}
  },
  "goodbye": {
    "precision": 0.9512195121951219,
    "recall": 0.9069767441860465,
    "f1-score": 0.9285714285714286,
    "support": 43,
    "confused_with": {
      "greetings": 2,
      "deny": 1
    }
  },
  "movie_genre+movie_producer": {
    "precision": 1.0,
    "recall": 1.0,
    "f1-score": 1.0,
    "support": 20,
    "confused_with": {}
  },
  "deny": {
    "precision": 0.7878787878787878,
    "recall": 0.8666666666666667,
    "f1-score": 0.8253968253968254,
    "support": 30,
    "confused_with": {
      "greetings": 2,
      "just_cast": 1
    }
  },
  "out_of_scope": {
    "precision": 0.967741935483871,
    "recall": 0.6976744186046512,
    "f1-score": 0.810810810810811,
    "support": 43,
    "confused_with": {
      "ask_recommendation_without_movie": 5,
      "movie_plot": 2
    }
  },
  "just_cast": {
    "precision": 0.5517241379310345,
    "recall": 0.5,
    "f1-score": 0.5245901639344263,
    "support": 64,
    "confused_with": {
      "just_director": 23,
      "affirm": 2
    }
  },
  "movie_cast": {
    "precision": 0.979381443298969,
    "recall": 0.979381443298969,
    "f1-score": 0.979381443298969,
    "support": 97,
    "confused_with": {
      "movie_producer": 1,
      "movie_composer": 1
    }
  },
  "movie_runtime": {
    "precision": 0.8936170212765957,
    "recall": 1.0,
    "f1-score": 0.9438202247191011,
    "support": 42,
    "confused_with": {}
  },
  "just_rating+just_director": {
    "precision": 0.9130434782608695,
    "recall": 0.9545454545454546,
    "f1-score": 0.9333333333333332,
    "support": 22,
    "confused_with": {
      "movie_director": 1
    }
  },
  "just_director": {
    "precision": 0.5714285714285714,
    "recall": 0.5294117647058824,
    "f1-score": 0.5496183206106869,
    "support": 68,
    "confused_with": {
      "just_cast": 23,
      "just_genre": 2
    }
  },
  "affirm": {
    "precision": 0.9444444444444444,
    "recall": 0.8947368421052632,
    "f1-score": 0.918918918918919,
    "support": 38,
    "confused_with": {
      "just_rating+just_director": 1,
      "deny": 1
    }
  },
  "movie_budget": {
    "precision": 0.9090909090909091,
    "recall": 0.8620689655172413,
    "f1-score": 0.8849557522123893,
    "support": 58,
    "confused_with": {
      "movie_revenue": 6,
      "movie_runtime": 1
    }
  },
  "accuracy": 0.8992957746478873,
  "macro avg": {
    "precision": 0.9009540984572201,
    "recall": 0.901136758925963,
    "f1-score": 0.8984537590457513,
    "support": 1420
  },
  "weighted avg": {
    "precision": 0.8998550042052212,
    "recall": 0.8992957746478873,
    "f1-score": 0.8976006464115811,
    "support": 1420
  },
  "micro avg": {
    "precision": 0.8992957746478873,
    "recall": 0.8992957746478873,
    "f1-score": 0.8992957746478873,
    "support": 1420
  }
}