{
  "movie_revenue": {
    "precision": 0.8478260869565217,
    "recall": 0.9285714285714286,
    "f1-score": 0.8863636363636365,
    "support": 42,
    "confused_with": {
      "movie_release_date": 1,
      "movie_plot": 1
    }
  },
  "movie_plot": {
    "precision": 0.8734177215189873,
    "recall": 0.9857142857142858,
    "f1-score": 0.9261744966442954,
    "support": 70,
    "confused_with": {
      "movie_runtime": 1
    }
  },
  "ask_recommendation_without_movie": {
    "precision": 0.8108108108108109,
    "recall": 0.9090909090909091,
    "f1-score": 0.8571428571428571,
    "support": 33,
    "confused_with": {
      "ask_recommendation_with_movie": 2,
      "ask_movie_with_similar_plot": 1
    }
  },
  "greetings": {
    "precision": 0.9333333333333333,
    "recall": 0.7,
    "f1-score": 0.8,
    "support": 20,
    "confused_with": {
      "goodbye": 2,
      "out_of_scope": 1
    }
  },
  "is_exactly": {
    "precision": 0.8518518518518519,
    "recall": 0.9583333333333334,
    "f1-score": 0.9019607843137256,
    "support": 24,
    "confused_with": {
      "is_after": 1
    }
  },
  "deny": {
    "precision": 0.875,
    "recall": 0.9333333333333333,
    "f1-score": 0.9032258064516129,
    "support": 30,
    "confused_with": {
      "affirm": 1,
      "just_director": 1
    }
  },
  "ask_movie_with_similar_plot": {
    "precision": 0.9833333333333333,
    "recall": 0.9516129032258065,
    "f1-score": 0.9672131147540983,
    "support": 62,
    "confused_with": {
      "ask_recommendation_without_movie": 1,
      "movie_genre": 1
    }
  },
  "movie_runtime": {
    "precision": 0.9761904761904762,
    "recall": 0.9761904761904762,
    "f1-score": 0.9761904761904762,
    "support": 42,
    "confused_with": {
      "movie_revenue": 1
    }
  },
  "ask_recommendation_with_movie": {
    "precision": 0.9555555555555556,
    "recall": 1.0,
    "f1-score": 0.9772727272727273,
    "support": 43,
    "confused_with": {}
  },
  "just_genre+just_cast+just_year": {
    "precision": 0.9047619047619048,
    "recall": 1.0,
    "f1-score": 0.9500000000000001,
    "support": 38,
    "confused_with": {}
  },
  "just_cast": {
    "precision": 0.5555555555555556,
    "recall": 0.546875,
    "f1-score": 0.5511811023622047,
    "support": 64,
    "confused_with": {
      "just_director": 21,
      "just_genre+just_cast+just_year": 3
    }
  },
  "movie_rating": {
    "precision": 0.9523809523809523,
    "recall": 0.9523809523809523,
    "f1-score": 0.9523809523809523,
    "support": 42,
    "confused_with": {
      "movie_genre": 1,
      "movie_plot": 1
    }
  },
  "movie_cast": {
    "precision": 0.9595959595959596,
    "recall": 0.979381443298969,
    "f1-score": 0.9693877551020409,
    "support": 97,
    "confused_with": {
      "movie_producer": 1,
      "movie_composer": 1
    }
  },
  "affirm": {
    "precision": 0.868421052631579,
    "recall": 0.868421052631579,
    "f1-score": 0.868421052631579,
    "support": 38,
    "confused_with": {
      "deny": 2,
      "just_rating+just_director": 1
    }
  },
  "movie_budget": {
    "precision": 0.9803921568627451,
    "recall": 0.8620689655172413,
    "f1-score": 0.9174311926605505,
    "support": 58,
    "confused_with": {
      "movie_revenue": 5,
      "movie_plot": 2
    }
  },
  "just_director": {
    "precision": 0.559322033898305,
    "recall": 0.4852941176470588,
    "f1-score": 0.5196850393700787,
    "support": 68,
    "confused_with": {
      "just_cast": 27,
      "out_of_scope": 2
    }
  },
  "is_before": {
    "precision": 0.9047619047619048,
    "recall": 0.8636363636363636,
    "f1-score": 0.8837209302325582,
    "support": 22,
    "confused_with": {
      "is_exactly": 3
    }
  },
  "movie_release_date": {
    "precision": 0.9594594594594594,
    "recall": 1.0,
    "f1-score": 0.9793103448275862,
    "support": 71,
    "confused_with": {}
  },
  "movie_director": {
    "precision": 0.9722222222222222,
    "recall": 0.9722222222222222,
    "f1-score": 0.9722222222222222,
    "support": 72,
    "confused_with": {
      "movie_producer": 1,
      "movie_composer": 1
    }
  },
  "movie_genre": {
    "precision": 0.9295774647887324,
    "recall": 0.9295774647887324,
    "f1-score": 0.9295774647887324,
    "support": 71,
    "confused_with": {
      "movie_plot": 4,
      "movie_cast": 1
    }
  },
  "just_rating": {
    "precision": 1.0,
    "recall": 0.6470588235294118,
    "f1-score": 0.7857142857142858,
    "support": 17,
    "confused_with": {
      "movie_producer": 1,
      "is_after": 1
    }
  },
  "is_after": {
    "precision": 0.8695652173913043,
    "recall": 0.9090909090909091,
    "f1-score": 0.888888888888889,
    "support": 22,
    "confused_with": {
      "goodbye": 1,
      "is_before": 1
    }
  },
  "movie_producer": {
    "precision": 0.9436619718309859,
    "recall": 1.0,
    "f1-score": 0.9710144927536231,
    "support": 67,
    "confused_with": {}
  },
  "movie_genre+movie_producer": {
    "precision": 1.0,
    "recall": 1.0,
    "f1-score": 1.0,
    "support": 20,
    "confused_with": {}
  },
  "out_of_scope": {
    "precision": 0.8648648648648649,
    "recall": 0.7441860465116279,
    "f1-score": 0.8,
    "support": 43,
    "confused_with": {
      "ask_recommendation_without_movie": 4,
      "movie_plot": 2
    }
  },
  "ask_movie_question": {
    "precision": 1.0,
    "recall": 1.0,
    "f1-score": 1.0,
    "support": 30,
    "confused_with": {}
  },
  "just_genre": {
    "precision": 0.9473684210526315,
    "recall": 0.8372093023255814,
    "f1-score": 0.8888888888888888,
    "support": 43,
    "confused_with": {
      "ask_recommendation_without_movie": 2,
      "just_director": 2
    }
  },
  "just_rating+just_director": {
    "precision": 0.84,
    "recall": 0.9545454545454546,
    "f1-score": 0.8936170212765958,
    "support": 22,
    "confused_with": {
      "just_genre+just_cast+just_year": 1
    }
  },
  "movie_composer": {
    "precision": 0.9682539682539683,
    "recall": 0.9838709677419355,
    "f1-score": 0.976,
    "support": 62,
    "confused_with": {
      "movie_producer": 1
    }
  },
  "just_year": {
    "precision": 1.0,
    "recall": 1.0,
    "f1-score": 1.0,
    "support": 44,
    "confused_with": {}
  },
  "goodbye": {
    "precision": 0.8837209302325582,
    "recall": 0.8837209302325582,
    "f1-score": 0.8837209302325582,
    "support": 43,
    "confused_with": {
      "affirm": 2,
      "deny": 1
    }
  },
  "accuracy": 0.8985915492957747,
  "macro avg": {
    "precision": 0.9022969422611774,
    "recall": 0.8955608608245217,
    "f1-score": 0.8960227891440896,
    "support": 1420
  },
  "weighted avg": {
    "precision": 0.8976445540494599,
    "recall": 0.8985915492957747,
    "f1-score": 0.8963184020391384,
    "support": 1420
  },
  "micro avg": {
    "precision": 0.8985915492957747,
    "recall": 0.8985915492957747,
    "f1-score": 0.8985915492957747,
    "support": 1420
  }
}