{
  "rating": {
    "precision": 0.5714285714285714,
    "recall": 1.0,
    "f1-score": 0.7272727272727273,
    "support": 8,
    "confused_with": {}
  },
  "movie_name": {
    "precision": 0.8947368421052632,
    "recall": 0.48056537102473496,
    "f1-score": 0.6252873563218391,
    "support": 283,
    "confused_with": {
      "director_name": 3
    }
  },
  "genre": {
    "precision": 0.8636363636363636,
    "recall": 0.6333333333333333,
    "f1-score": 0.7307692307692307,
    "support": 30,
    "confused_with": {
      "movie_name": 3
    }
  },
  "number_of_actors": {
    "precision": 0.75,
    "recall": 0.3333333333333333,
    "f1-score": 0.46153846153846156,
    "support": 9,
    "confused_with": {
      "rating": 2
    }
  },
  "release_date": {
    "precision": 1.0,
    "recall": 1.0,
    "f1-score": 1.0,
    "support": 21,
    "confused_with": {}
  },
  "cast": {
    "precision": 0.7619047619047619,
    "recall": 0.5423728813559322,
    "f1-score": 0.6336633663366337,
    "support": 59,
    "confused_with": {
      "director_name": 12
    }
  },
  "movie_period": {
    "precision": 0.8181818181818182,
    "recall": 0.5806451612903226,
    "f1-score": 0.679245283018868,
    "support": 31,
    "confused_with": {}
  },
  "director_name": {
    "precision": 0.5789473684210527,
    "recall": 0.6111111111111112,
    "f1-score": 0.5945945945945946,
    "support": 36,
    "confused_with": {
      "cast": 6
    }
  },
  "micro avg": {
    "precision": 0.8222222222222222,
    "recall": 0.5429769392033543,
    "f1-score": 0.6540404040404041,
    "support": 477
  },
  "macro avg": {
    "precision": 0.7798544657097288,
    "recall": 0.6476701489310959,
    "f1-score": 0.6815463774815445,
    "support": 477
  },
  "weighted avg": {
    "precision": 0.8440234137850819,
    "recall": 0.5429769392033543,
    "f1-score": 0.6492653554025933,
    "support": 477
  },
  "accuracy": 0.9191279887482419
}