{
  "rating": {
    "precision": 0.75,
    "recall": 0.75,
    "f1-score": 0.75,
    "support": 8,
    "confused_with": {
      "director_name": 1
    }
  },
  "movie_name": {
    "precision": 0.9696969696969697,
    "recall": 0.9411764705882353,
    "f1-score": 0.955223880597015,
    "support": 306,
    "confused_with": {
      "cast": 2
    }
  },
  "genre": {
    "precision": 0.9,
    "recall": 0.9310344827586207,
    "f1-score": 0.9152542372881356,
    "support": 29,
    "confused_with": {
      "movie_name": 1
    }
  },
  "number_of_actors": {
    "precision": 0.8333333333333334,
    "recall": 0.5555555555555556,
    "f1-score": 0.6666666666666667,
    "support": 9,
    "confused_with": {
      "rating": 1
    }
  },
  "release_date": {
    "precision": 0.9523809523809523,
    "recall": 1.0,
    "f1-score": 0.975609756097561,
    "support": 20,
    "confused_with": {}
  },
  "cast": {
    "precision": 0.8095238095238095,
    "recall": 0.8947368421052632,
    "f1-score": 0.8500000000000001,
    "support": 57,
    "confused_with": {
      "director_name": 4
    }
  },
  "movie_period": {
    "precision": 0.8809523809523809,
    "recall": 0.8409090909090909,
    "f1-score": 0.8604651162790699,
    "support": 44,
    "confused_with": {}
  },
  "director_name": {
    "precision": 0.8571428571428571,
    "recall": 0.6818181818181818,
    "f1-score": 0.759493670886076,
    "support": 44,
    "confused_with": {
      "cast": 8,
      "movie_period": 3
    }
  },
  "micro avg": {
    "precision": 0.9243027888446215,
    "recall": 0.8974854932301741,
    "f1-score": 0.9106967615309126,
    "support": 517
  },
  "macro avg": {
    "precision": 0.8691287878787879,
    "recall": 0.8244038279668685,
    "f1-score": 0.8415891659768155,
    "support": 517
  },
  "weighted avg": {
    "precision": 0.924553074262939,
    "recall": 0.8974854932301741,
    "f1-score": 0.9092480891707159,
    "support": 517
  },
  "accuracy": 0.976123595505618
}