{
  "rating": {
    "precision": 0.8571428571428571,
    "recall": 0.75,
    "f1-score": 0.7999999999999999,
    "support": 8,
    "confused_with": {
      "genre": 1
    }
  },
  "movie_name": {
    "precision": 0.9664429530201343,
    "recall": 0.9411764705882353,
    "f1-score": 0.9536423841059601,
    "support": 306,
    "confused_with": {
      "rating": 1
    }
  },
  "genre": {
    "precision": 0.875,
    "recall": 0.9655172413793104,
    "f1-score": 0.9180327868852458,
    "support": 29,
    "confused_with": {
      "movie_name": 1
    }
  },
  "number_of_actors": {
    "precision": 0.875,
    "recall": 0.7777777777777778,
    "f1-score": 0.823529411764706,
    "support": 9,
    "confused_with": {}
  },
  "release_date": {
    "precision": 0.9090909090909091,
    "recall": 1.0,
    "f1-score": 0.9523809523809523,
    "support": 20,
    "confused_with": {}
  },
  "cast": {
    "precision": 0.7758620689655172,
    "recall": 0.7894736842105263,
    "f1-score": 0.7826086956521741,
    "support": 57,
    "confused_with": {
      "director_name": 10
    }
  },
  "movie_period": {
    "precision": 0.9230769230769231,
    "recall": 0.8181818181818182,
    "f1-score": 0.8674698795180724,
    "support": 44,
    "confused_with": {}
  },
  "director_name": {
    "precision": 0.75,
    "recall": 0.6818181818181818,
    "f1-score": 0.7142857142857143,
    "support": 44,
    "confused_with": {
      "cast": 8
    }
  },
  "micro avg": {
    "precision": 0.9126984126984127,
    "recall": 0.8897485493230174,
    "f1-score": 0.901077375122429,
    "support": 517
  },
  "macro avg": {
    "precision": 0.8664519639120426,
    "recall": 0.8404931467444813,
    "f1-score": 0.8514937280741031,
    "support": 517
  },
  "weighted avg": {
    "precision": 0.9126886406374104,
    "recall": 0.8897485493230174,
    "f1-score": 0.9003923518165141,
    "support": 517
  },
  "accuracy": 0.973314606741573
}