{
  "rating": {
    "precision": 0.8,
    "recall": 1.0,
    "f1-score": 0.888888888888889,
    "support": 8,
    "confused_with": {}
  },
  "movie_name": {
    "precision": 0.9590443686006825,
    "recall": 0.9689655172413794,
    "f1-score": 0.9639794168096055,
    "support": 290,
    "confused_with": {
      "rating": 1
    }
  },
  "genre": {
    "precision": 0.8285714285714286,
    "recall": 0.9666666666666667,
    "f1-score": 0.8923076923076922,
    "support": 30,
    "confused_with": {}
  },
  "number_of_actors": {
    "precision": 1.0,
    "recall": 0.5555555555555556,
    "f1-score": 0.7142857142857143,
    "support": 9,
    "confused_with": {
      "rating": 1
    }
  },
  "release_date": {
    "precision": 1.0,
    "recall": 1.0,
    "f1-score": 1.0,
    "support": 21,
    "confused_with": {}
  },
  "cast": {
    "precision": 0.7796610169491526,
    "recall": 0.7540983606557377,
    "f1-score": 0.7666666666666666,
    "support": 61,
    "confused_with": {
      "director_name": 9
    }
  },
  "movie_period": {
    "precision": 0.8387096774193549,
    "recall": 0.6046511627906976,
    "f1-score": 0.7027027027027026,
    "support": 43,
    "confused_with": {
      "movie_name": 3
    }
  },
  "director_name": {
    "precision": 0.7857142857142857,
    "recall": 0.75,
    "f1-score": 0.7674418604651163,
    "support": 44,
    "confused_with": {
      "cast": 9
    }
  },
  "micro avg": {
    "precision": 0.905241935483871,
    "recall": 0.8873517786561265,
    "f1-score": 0.8962075848303394,
    "support": 506
  },
  "macro avg": {
    "precision": 0.8739625971568631,
    "recall": 0.8249921578637546,
    "f1-score": 0.8370341177657983,
    "support": 506
  },
  "weighted avg": {
    "precision": 0.9042989653867588,
    "recall": 0.8873517786561265,
    "f1-score": 0.8925163417530572,
    "support": 506
  },
  "accuracy": 0.9723698193411264
}