{
  "rating": {
    "precision": 0.5714285714285714,
    "recall": 0.5,
    "f1-score": 0.5333333333333333,
    "support": 8,
    "confused_with": {
      "number_of_actors": 3
    }
  },
  "movie_name": {
    "precision": 0.8958333333333334,
    "recall": 0.8431372549019608,
    "f1-score": 0.8686868686868686,
    "support": 306,
    "confused_with": {
      "genre": 5
    }
  },
  "genre": {
    "precision": 0.7741935483870968,
    "recall": 0.8275862068965517,
    "f1-score": 0.7999999999999999,
    "support": 29,
    "confused_with": {
      "movie_name": 1
    }
  },
  "number_of_actors": {
    "precision": 0.0,
    "recall": 0.0,
    "f1-score": 0.0,
    "support": 9,
    "confused_with": {
      "rating": 2
    }
  },
  "release_date": {
    "precision": 0.9090909090909091,
    "recall": 1.0,
    "f1-score": 0.9523809523809523,
    "support": 20,
    "confused_with": {}
  },
  "cast": {
    "precision": 0.8125,
    "recall": 0.6842105263157895,
    "f1-score": 0.742857142857143,
    "support": 57,
    "confused_with": {
      "director_name": 5
    }
  },
  "movie_period": {
    "precision": 0.76,
    "recall": 0.8636363636363636,
    "f1-score": 0.8085106382978724,
    "support": 44,
    "confused_with": {}
  },
  "director_name": {
    "precision": 0.6538461538461539,
    "recall": 0.38636363636363635,
    "f1-score": 0.48571428571428565,
    "support": 44,
    "confused_with": {
      "movie_name": 11
    }
  },
  "micro avg": {
    "precision": 0.8421052631578947,
    "recall": 0.7736943907156673,
    "f1-score": 0.8064516129032258,
    "support": 517
  },
  "macro avg": {
    "precision": 0.672111564510758,
    "recall": 0.6381167485142878,
    "f1-score": 0.648935402658807,
    "support": 517
  },
  "weighted avg": {
    "precision": 0.8275659389278593,
    "recall": 0.7736943907156673,
    "f1-score": 0.7961725751099799,
    "support": 517
  },
  "accuracy": 0.9469803370786517
}