{
  "rating": {
    "precision": 0.5384615384615384,
    "recall": 0.875,
    "f1-score": 0.6666666666666667,
    "support": 8,
    "confused_with": {
      "movie_name": 1
    }
  },
  "movie_name": {
    "precision": 0.8501742160278746,
    "recall": 0.8621908127208481,
    "f1-score": 0.8561403508771931,
    "support": 283,
    "confused_with": {
      "rating": 1
    }
  },
  "genre": {
    "precision": 0.9259259259259259,
    "recall": 0.8333333333333334,
    "f1-score": 0.8771929824561403,
    "support": 30,
    "confused_with": {
      "movie_name": 2
    }
  },
  "number_of_actors": {
    "precision": 1.0,
    "recall": 0.1111111111111111,
    "f1-score": 0.19999999999999998,
    "support": 9,
    "confused_with": {
      "rating": 5
    }
  },
  "release_date": {
    "precision": 1.0,
    "recall": 1.0,
    "f1-score": 1.0,
    "support": 21,
    "confused_with": {}
  },
  "cast": {
    "precision": 0.7704918032786885,
    "recall": 0.7966101694915254,
    "f1-score": 0.7833333333333333,
    "support": 59,
    "confused_with": {
      "director_name": 8
    }
  },
  "movie_period": {
    "precision": 0.8695652173913043,
    "recall": 0.6451612903225806,
    "f1-score": 0.7407407407407407,
    "support": 31,
    "confused_with": {}
  },
  "director_name": {
    "precision": 0.6538461538461539,
    "recall": 0.4722222222222222,
    "f1-score": 0.5483870967741936,
    "support": 36,
    "confused_with": {
      "cast": 12,
      "movie_name": 4
    }
  },
  "micro avg": {
    "precision": 0.8322440087145969,
    "recall": 0.80083857442348,
    "f1-score": 0.8162393162393162,
    "support": 477
  },
  "macro avg": {
    "precision": 0.8260581068664357,
    "recall": 0.6994536174002026,
    "f1-score": 0.7090576463560335,
    "support": 477
  },
  "weighted avg": {
    "precision": 0.8357206978876168,
    "recall": 0.80083857442348,
    "f1-score": 0.8085081912343056,
    "support": 477
  },
  "accuracy": 0.9518284106891702
}