{
  "number_of_actors": {
    "precision": 0.5,
    "recall": 0.45454545454545453,
    "f1-score": 0.47619047619047616,
    "support": 33,
    "confused_with": {
      "rating": 11
    }
  },
  "director_name": {
    "precision": 0.6927374301675978,
    "recall": 0.5933014354066986,
    "f1-score": 0.6391752577319588,
    "support": 209,
    "confused_with": {
      "cast": 56
    }
  },
  "cast": {
    "precision": 0.7584905660377359,
    "recall": 0.7389705882352942,
    "f1-score": 0.7486033519553073,
    "support": 272,
    "confused_with": {
      "director_name": 48
    }
  },
  "movie_name": {
    "precision": 0.9108527131782945,
    "recall": 0.9102646868947708,
    "f1-score": 0.9105586051017112,
    "support": 1549,
    "confused_with": {
      "number_of_actors": 9
    }
  },
  "genre": {
    "precision": 0.9225806451612903,
    "recall": 0.9050632911392406,
    "f1-score": 0.9137380191693291,
    "support": 158,
    "confused_with": {
      "movie_name": 2
    }
  },
  "rating": {
    "precision": 0.68,
    "recall": 0.8717948717948718,
    "f1-score": 0.7640449438202247,
    "support": 39,
    "confused_with": {
      "number_of_actors": 3,
      "movie_name": 2
    }
  },
  "release_date": {
    "precision": 0.9433962264150944,
    "recall": 1.0,
    "f1-score": 0.970873786407767,
    "support": 100,
    "confused_with": {}
  },
  "movie_period": {
    "precision": 0.8112244897959183,
    "recall": 0.8594594594594595,
    "f1-score": 0.8346456692913385,
    "support": 185,
    "confused_with": {}
  },
  "micro avg": {
    "precision": 0.8643732700672202,
    "recall": 0.8589390962671906,
    "f1-score": 0.8616476152936539,
    "support": 2545
  },
  "macro avg": {
    "precision": 0.7774102588444913,
    "recall": 0.7916749734344737,
    "f1-score": 0.782228763708514,
    "support": 2545
  },
  "weighted avg": {
    "precision": 0.8625565048211035,
    "recall": 0.8589390962671906,
    "f1-score": 0.8601345748181046,
    "support": 2545
  },
  "accuracy": 0.9627652100604187
}