{
  "just_director": {
    "precision": 0.5945945945945946,
    "recall": 0.6470588235294118,
    "f1-score": 0.619718309859155,
    "support": 68,
    "confused_with": {
      "just_cast": 16,
      "deny": 1
    }
  },
  "greetings": {
    "precision": 0.9375,
    "recall": 0.75,
    "f1-score": 0.8333333333333334,
    "support": 20,
    "confused_with": {
      "goodbye": 2,
      "just_rating": 1
    }
  },
  "movie_revenue": {
    "precision": 0.7872340425531915,
    "recall": 0.8809523809523809,
    "f1-score": 0.8314606741573034,
    "support": 42,
    "confused_with": {
      "movie_budget": 3,
      "movie_rating": 1
    }
  },
  "is_after": {
    "precision": 0.9130434782608695,
    "recall": 0.9545454545454546,
    "f1-score": 0.9333333333333332,
    "support": 22,
    "confused_with": {
      "is_before": 1
    }
  },
  "just_year": {
    "precision": 0.9777777777777777,
    "recall": 1.0,
    "f1-score": 0.9887640449438202,
    "support": 44,
    "confused_with": {}
  },
  "just_genre": {
    "precision": 0.9210526315789473,
    "recall": 0.813953488372093,
    "f1-score": 0.8641975308641974,
    "support": 43,
    "confused_with": {
      "just_director": 3,
      "ask_recommendation_without_movie": 2
    }
  },
  "movie_budget": {
    "precision": 0.9423076923076923,
    "recall": 0.8448275862068966,
    "f1-score": 0.890909090909091,
    "support": 58,
    "confused_with": {
      "movie_revenue": 7,
      "movie_release_date": 1
    }
  },
  "goodbye": {
    "precision": 0.8837209302325582,
    "recall": 0.8837209302325582,
    "f1-score": 0.8837209302325582,
    "support": 43,
    "confused_with": {
      "affirm": 4,
      "ask_recommendation_without_movie": 1
    }
  },
  "is_before": {
    "precision": 0.9047619047619048,
    "recall": 0.8636363636363636,
    "f1-score": 0.8837209302325582,
    "support": 22,
    "confused_with": {
      "movie_runtime": 1,
      "is_after": 1
    }
  },
  "movie_runtime": {
    "precision": 0.9545454545454546,
    "recall": 1.0,
    "f1-score": 0.9767441860465117,
    "support": 42,
    "confused_with": {}
  },
  "movie_director": {
    "precision": 0.972972972972973,
    "recall": 1.0,
    "f1-score": 0.9863013698630138,
    "support": 72,
    "confused_with": {}
  },
  "movie_cast": {
    "precision": 0.9306930693069307,
    "recall": 0.9690721649484536,
    "f1-score": 0.9494949494949495,
    "support": 97,
    "confused_with": {
      "movie_composer": 2,
      "movie_producer": 1
    }
  },
  "ask_recommendation_without_movie": {
    "precision": 0.7435897435897436,
    "recall": 0.8787878787878788,
    "f1-score": 0.8055555555555556,
    "support": 33,
    "confused_with": {
      "ask_movie_with_similar_plot": 4
    }
  },
  "just_rating+just_director": {
    "precision": 0.8695652173913043,
    "recall": 0.9090909090909091,
    "f1-score": 0.888888888888889,
    "support": 22,
    "confused_with": {
      "just_year": 1,
      "movie_director": 1
    }
  },
  "ask_recommendation_with_movie": {
    "precision": 0.9347826086956522,
    "recall": 1.0,
    "f1-score": 0.9662921348314606,
    "support": 43,
    "confused_with": {}
  },
  "is_exactly": {
    "precision": 0.9565217391304348,
    "recall": 0.9166666666666666,
    "f1-score": 0.9361702127659574,
    "support": 24,
    "confused_with": {
      "is_after": 1,
      "is_before": 1
    }
  },
  "ask_movie_question": {
    "precision": 1.0,
    "recall": 1.0,
    "f1-score": 1.0,
    "support": 30,
    "confused_with": {}
  },
  "movie_genre": {
    "precision": 0.9852941176470589,
    "recall": 0.9436619718309859,
    "f1-score": 0.9640287769784172,
    "support": 71,
    "confused_with": {
      "movie_plot": 3,
      "movie_runtime": 1
    }
  },
  "just_rating": {
    "precision": 0.9333333333333333,
    "recall": 0.8235294117647058,
    "f1-score": 0.8749999999999999,
    "support": 17,
    "confused_with": {
      "movie_rating": 1,
      "just_rating+just_director": 1
    }
  },
  "just_genre+just_cast+just_year": {
    "precision": 0.8837209302325582,
    "recall": 1.0,
    "f1-score": 0.9382716049382717,
    "support": 38,
    "confused_with": {}
  },
  "movie_producer": {
    "precision": 0.9710144927536232,
    "recall": 1.0,
    "f1-score": 0.9852941176470589,
    "support": 67,
    "confused_with": {}
  },
  "affirm": {
    "precision": 0.8333333333333334,
    "recall": 0.9210526315789473,
    "f1-score": 0.875,
    "support": 38,
    "confused_with": {
      "deny": 1,
      "goodbye": 1
    }
  },
  "movie_rating": {
    "precision": 0.9523809523809523,
    "recall": 0.9523809523809523,
    "f1-score": 0.9523809523809523,
    "support": 42,
    "confused_with": {
      "movie_genre+movie_producer": 1,
      "movie_genre": 1
    }
  },
  "out_of_scope": {
    "precision": 0.967741935483871,
    "recall": 0.6976744186046512,
    "f1-score": 0.810810810810811,
    "support": 43,
    "confused_with": {
      "movie_plot": 4,
      "ask_recommendation_without_movie": 4
    }
  },
  "movie_composer": {
    "precision": 0.953125,
    "recall": 0.9838709677419355,
    "f1-score": 0.9682539682539683,
    "support": 62,
    "confused_with": {
      "movie_cast": 1
    }
  },
  "movie_plot": {
    "precision": 0.8961038961038961,
    "recall": 0.9857142857142858,
    "f1-score": 0.9387755102040817,
    "support": 70,
    "confused_with": {
      "movie_cast": 1
    }
  },
  "ask_movie_with_similar_plot": {
    "precision": 0.9180327868852459,
    "recall": 0.9032258064516129,
    "f1-score": 0.9105691056910569,
    "support": 62,
    "confused_with": {
      "ask_recommendation_without_movie": 3,
      "ask_recommendation_with_movie": 2
    }
  },
  "movie_release_date": {
    "precision": 0.9726027397260274,
    "recall": 1.0,
    "f1-score": 0.9861111111111112,
    "support": 71,
    "confused_with": {}
  },
  "deny": {
    "precision": 0.84375,
    "recall": 0.9,
    "f1-score": 0.870967741935484,
    "support": 30,
    "confused_with": {
      "goodbye": 1,
      "just_director": 1
    }
  },
  "recommendation_without_movie_over_informative": {
    "precision": 1.0,
    "recall": 0.9473684210526315,
    "f1-score": 0.972972972972973,
    "support": 19,
    "confused_with": {
      "just_genre+just_cast+just_year": 1
    }
  },
  "movie_genre+movie_producer": {
    "precision": 0.9523809523809523,
    "recall": 1.0,
    "f1-score": 0.975609756097561,
    "support": 20,
    "confused_with": {}
  },
  "just_cast": {
    "precision": 0.6363636363636364,
    "recall": 0.4375,
    "f1-score": 0.5185185185185185,
    "support": 64,
    "confused_with": {
      "just_director": 25,
      "just_genre+just_cast+just_year": 4
    }
  },
  "accuracy": 0.8999305072967339,
  "macro avg": {
    "precision": 0.9038700613851411,
    "recall": 0.9002591098153054,
    "f1-score": 0.8994115757141234,
    "support": 1439
  },
  "weighted avg": {
    "precision": 0.8995033359047868,
    "recall": 0.8999305072967339,
    "f1-score": 0.8971309467723976,
    "support": 1439
  },
  "micro avg": {
    "precision": 0.8999305072967339,
    "recall": 0.8999305072967339,
    "f1-score": 0.8999305072967339,
    "support": 1439
  }
}