{
  "movie_genre+movie_producer": {
    "precision": 0.9523809523809523,
    "recall": 1.0,
    "f1-score": 0.975609756097561,
    "support": 20,
    "confused_with": {}
  },
  "movie_composer": {
    "precision": 0.9682539682539683,
    "recall": 0.9838709677419355,
    "f1-score": 0.976,
    "support": 62,
    "confused_with": {
      "movie_producer": 1
    }
  },
  "just_genre": {
    "precision": 0.9743589743589743,
    "recall": 0.8837209302325582,
    "f1-score": 0.9268292682926831,
    "support": 43,
    "confused_with": {
      "just_director": 2,
      "is_exactly": 1
    }
  },
  "ask_movie_question": {
    "precision": 0.9811320754716981,
    "recall": 0.9629629629629629,
    "f1-score": 0.9719626168224299,
    "support": 54,
    "confused_with": {
      "movie_plot": 1,
      "movie_genre": 1
    }
  },
  "goodbye": {
    "precision": 0.9302325581395349,
    "recall": 0.9302325581395349,
    "f1-score": 0.9302325581395349,
    "support": 43,
    "confused_with": {
      "affirm": 1,
      "deny": 1
    }
  },
  "movie_cast": {
    "precision": 0.96,
    "recall": 0.9896907216494846,
    "f1-score": 0.9746192893401014,
    "support": 97,
    "confused_with": {
      "movie_composer": 1
    }
  },
  "just_rating": {
    "precision": 1.0,
    "recall": 0.7058823529411765,
    "f1-score": 0.8275862068965517,
    "support": 17,
    "confused_with": {
      "is_after": 2,
      "movie_rating": 1
    }
  },
  "movie_rating": {
    "precision": 0.9024390243902439,
    "recall": 0.8809523809523809,
    "f1-score": 0.8915662650602411,
    "support": 42,
    "confused_with": {
      "movie_genre": 1,
      "movie_cast": 1
    }
  },
  "movie_producer": {
    "precision": 0.9571428571428572,
    "recall": 1.0,
    "f1-score": 0.9781021897810218,
    "support": 67,
    "confused_with": {}
  },
  "just_year": {
    "precision": 0.9777777777777777,
    "recall": 1.0,
    "f1-score": 0.9887640449438202,
    "support": 44,
    "confused_with": {}
  },
  "movie_genre": {
    "precision": 0.9166666666666666,
    "recall": 0.9295774647887324,
    "f1-score": 0.9230769230769231,
    "support": 71,
    "confused_with": {
      "movie_plot": 5
    }
  },
  "out_of_scope": {
    "precision": 0.9655172413793104,
    "recall": 0.6511627906976745,
    "f1-score": 0.7777777777777779,
    "support": 43,
    "confused_with": {
      "ask_recommendation_without_movie": 6,
      "movie_plot": 2
    }
  },
  "just_genre+just_cast+just_year": {
    "precision": 0.8085106382978723,
    "recall": 1.0,
    "f1-score": 0.8941176470588235,
    "support": 38,
    "confused_with": {}
  },
  "greetings": {
    "precision": 1.0,
    "recall": 0.7619047619047619,
    "f1-score": 0.8648648648648648,
    "support": 21,
    "confused_with": {
      "affirm": 1,
      "just_cast": 1
    }
  },
  "movie_budget": {
    "precision": 0.9272727272727272,
    "recall": 0.8793103448275862,
    "f1-score": 0.902654867256637,
    "support": 58,
    "confused_with": {
      "movie_revenue": 5,
      "movie_producer": 1
    }
  },
  "movie_director": {
    "precision": 0.9722222222222222,
    "recall": 0.9722222222222222,
    "f1-score": 0.9722222222222222,
    "support": 72,
    "confused_with": {
      "movie_producer": 1,
      "movie_composer": 1
    }
  },
  "movie_revenue": {
    "precision": 0.8260869565217391,
    "recall": 0.9047619047619048,
    "f1-score": 0.8636363636363636,
    "support": 42,
    "confused_with": {
      "movie_budget": 3,
      "just_genre+just_cast+just_year": 1
    }
  },
  "movie_plot": {
    "precision": 0.8666666666666667,
    "recall": 0.9285714285714286,
    "f1-score": 0.896551724137931,
    "support": 70,
    "confused_with": {
      "movie_genre": 2,
      "ask_movie_with_similar_plot": 1
    }
  },
  "recommendation_without_movie_over_informative": {
    "precision": 1.0,
    "recall": 0.9473684210526315,
    "f1-score": 0.972972972972973,
    "support": 19,
    "confused_with": {
      "just_genre+just_cast+just_year": 1
    }
  },
  "just_director": {
    "precision": 0.5161290322580645,
    "recall": 0.47058823529411764,
    "f1-score": 0.4923076923076923,
    "support": 68,
    "confused_with": {
      "just_cast": 31,
      "just_rating+just_director": 2
    }
  },
  "ask_recommendation_with_movie": {
    "precision": 0.9772727272727273,
    "recall": 1.0,
    "f1-score": 0.9885057471264368,
    "support": 43,
    "confused_with": {}
  },
  "just_cast": {
    "precision": 0.46774193548387094,
    "recall": 0.453125,
    "f1-score": 0.4603174603174603,
    "support": 64,
    "confused_with": {
      "just_director": 26,
      "just_genre+just_cast+just_year": 4
    }
  },
  "is_exactly": {
    "precision": 0.8846153846153846,
    "recall": 0.9583333333333334,
    "f1-score": 0.9199999999999999,
    "support": 24,
    "confused_with": {
      "movie_revenue": 1
    }
  },
  "deny": {
    "precision": 0.7941176470588235,
    "recall": 0.9,
    "f1-score": 0.84375,
    "support": 30,
    "confused_with": {
      "just_director": 2,
      "affirm": 1
    }
  },
  "affirm": {
    "precision": 0.8888888888888888,
    "recall": 0.8421052631578947,
    "f1-score": 0.8648648648648649,
    "support": 38,
    "confused_with": {
      "deny": 3,
      "goodbye": 2
    }
  },
  "movie_release_date": {
    "precision": 0.9726027397260274,
    "recall": 1.0,
    "f1-score": 0.9861111111111112,
    "support": 71,
    "confused_with": {}
  },
  "ask_movie_with_similar_plot": {
    "precision": 0.95,
    "recall": 0.9047619047619048,
    "f1-score": 0.9268292682926829,
    "support": 63,
    "confused_with": {
      "ask_recommendation_without_movie": 5,
      "movie_director": 1
    }
  },
  "is_before": {
    "precision": 0.95,
    "recall": 0.8636363636363636,
    "f1-score": 0.9047619047619048,
    "support": 22,
    "confused_with": {
      "is_exactly": 2,
      "is_after": 1
    }
  },
  "ask_recommendation_without_movie": {
    "precision": 0.7142857142857143,
    "recall": 0.9090909090909091,
    "f1-score": 0.8,
    "support": 33,
    "confused_with": {
      "ask_movie_with_similar_plot": 2,
      "ask_recommendation_with_movie": 1
    }
  },
  "just_rating+just_director": {
    "precision": 0.875,
    "recall": 0.9545454545454546,
    "f1-score": 0.9130434782608695,
    "support": 22,
    "confused_with": {
      "just_genre+just_cast+just_year": 1
    }
  },
  "movie_runtime": {
    "precision": 0.9523809523809523,
    "recall": 0.9523809523809523,
    "f1-score": 0.9523809523809523,
    "support": 42,
    "confused_with": {
      "movie_rating": 1,
      "movie_genre": 1
    }
  },
  "is_after": {
    "precision": 0.8695652173913043,
    "recall": 0.9090909090909091,
    "f1-score": 0.888888888888889,
    "support": 22,
    "confused_with": {
      "movie_release_date": 1,
      "is_before": 1
    }
  },
  "accuracy": 0.8880546075085324,
  "macro avg": {
    "precision": 0.8968519233220302,
    "recall": 0.888432829335588,
    "f1-score": 0.889090903959104,
    "support": 1465
  },
  "weighted avg": {
    "precision": 0.8895856664504829,
    "recall": 0.8880546075085324,
    "f1-score": 0.8863482827034468,
    "support": 1465
  },
  "micro avg": {
    "precision": 0.8880546075085324,
    "recall": 0.8880546075085324,
    "f1-score": 0.8880546075085324,
    "support": 1465
  }
}