{
  "rating": {
    "precision": 0.5555555555555556,
    "recall": 0.625,
    "f1-score": 0.5882352941176471,
    "support": 8,
    "confused_with": {
      "number_of_actors": 2
    }
  },
  "movie_name": {
    "precision": 0.910394265232975,
    "recall": 0.8975265017667845,
    "f1-score": 0.9039145907473309,
    "support": 283,
    "confused_with": {
      "director_name": 7
    }
  },
  "genre": {
    "precision": 0.92,
    "recall": 0.7666666666666667,
    "f1-score": 0.8363636363636363,
    "support": 30,
    "confused_with": {
      "movie_name": 2
    }
  },
  "number_of_actors": {
    "precision": 0.3333333333333333,
    "recall": 0.2222222222222222,
    "f1-score": 0.26666666666666666,
    "support": 9,
    "confused_with": {
      "rating": 4
    }
  },
  "release_date": {
    "precision": 1.0,
    "recall": 1.0,
    "f1-score": 1.0,
    "support": 21,
    "confused_with": {}
  },
  "cast": {
    "precision": 0.9090909090909091,
    "recall": 0.6779661016949152,
    "f1-score": 0.7766990291262135,
    "support": 59,
    "confused_with": {
      "director_name": 18
    }
  },
  "movie_period": {
    "precision": 0.95,
    "recall": 0.6129032258064516,
    "f1-score": 0.7450980392156863,
    "support": 31,
    "confused_with": {}
  },
  "director_name": {
    "precision": 0.5,
    "recall": 0.7777777777777778,
    "f1-score": 0.6086956521739131,
    "support": 36,
    "confused_with": {
      "movie_name": 2
    }
  },
  "micro avg": {
    "precision": 0.8521739130434782,
    "recall": 0.8218029350104822,
    "f1-score": 0.8367129135538953,
    "support": 477
  },
  "macro avg": {
    "precision": 0.7597967579015967,
    "recall": 0.6975078119918523,
    "f1-score": 0.7157091135513867,
    "support": 477
  },
  "weighted avg": {
    "precision": 0.8695437843642349,
    "recall": 0.8218029350104822,
    "f1-score": 0.8382409770183201,
    "support": 477
  },
  "accuracy": 0.959915611814346
}